metric,submetric,type,value
html_duration_ms,,trend,97.4973
html_duration_ms,,trend,64.27653846153848
html_duration_ms,,trend,33.1656
html_duration_ms,,trend,56.1788
html_duration_ms,,trend,101.1321
html_duration_ms,,trend,93.18612000000002
http_req_connecting,,trend,1.5071307692307694
http_req_connecting,,trend,0
http_req_connecting,,trend,0
http_req_connecting,,trend,19.5927
http_req_connecting,,trend,0
http_req_connecting,,trend,7.837079999999973
http_req_sending,,trend,0.9715923076923075
http_req_sending,,trend,0
http_req_sending,,trend,0.5728
http_req_sending,,trend,8.1825
http_req_sending,,trend,0.74144
http_req_sending,,trend,3.7254599999999893
vus_max,,gauge,1
vus_max,,gauge,1
vus_max,,gauge,1
page_check_success,,rate,1
page_check_success,,rate,13
page_check_success,,rate,0
http_req_duration{expected_response:true},,trend,64.27653846153848
http_req_duration{expected_response:true},,trend,33.1656
http_req_duration{expected_response:true},,trend,56.1788
http_req_duration{expected_response:true},,trend,101.1321
http_req_duration{expected_response:true},,trend,93.18612000000002
http_req_duration{expected_response:true},,trend,97.4973
data_sent,,counter,3673
data_sent,,counter,997.231156335817
html_size_bytes,,trend,19876
html_size_bytes,,trend,55940
html_size_bytes,,trend,37890
html_size_bytes,,trend,45353.59999999998
html_size_bytes,,trend,23332.615384615383
html_size_bytes,,trend,2033
http_req_blocked,,trend,13.910876923076923
http_req_blocked,,trend,0
http_req_blocked,,trend,0
http_req_blocked,,trend,180.8414
http_req_blocked,,trend,0
http_req_blocked,,trend,72.33655999999974
checks,,rate,78
checks,,rate,0
checks,,rate,1
data_received,,counter,318867
data_received,,counter,86573.402430529
iterations,,counter,13
iterations,,counter,3.529541255748876
http_req_tls_handshaking,,trend,100.7871
http_req_tls_handshaking,,trend,0
http_req_tls_handshaking,,trend,40.314839999999855
http_req_tls_handshaking,,trend,7.752853846153846
http_req_tls_handshaking,,trend,0
http_req_tls_handshaking,,trend,0
vus,,gauge,1
vus,,gauge,1
vus,,gauge,1
http_req_waiting,,trend,85.1236
http_req_waiting,,trend,81.0955
http_req_waiting,,trend,83.15637999999998
http_req_waiting,,trend,58.33092307692307
http_req_waiting,,trend,16.9618
http_req_waiting,,trend,55.5344
http_req_duration,,trend,64.27653846153848
http_req_duration,,trend,33.1656
http_req_duration,,trend,56.1788
http_req_duration,,trend,101.1321
http_req_duration,,trend,93.18612000000002
http_req_duration,,trend,97.4973
http_req_receiving,,trend,4.974023076923077
http_req_receiving,,trend,0
http_req_receiving,,trend,0.5106
http_req_receiving,,trend,21.0558
http_req_receiving,,trend,18.415560000000003
http_req_receiving,,trend,19.687559999999998
html_ttfb_ms,,trend,58.33092307692307
html_ttfb_ms,,trend,16.9618
html_ttfb_ms,,trend,55.5344
html_ttfb_ms,,trend,85.1236
html_ttfb_ms,,trend,81.0955
html_ttfb_ms,,trend,83.15637999999998
iteration_duration,,trend,260.6098
iteration_duration,,trend,509.8736
iteration_duration,,trend,301.02922
iteration_duration,,trend,386.4523999999997
iteration_duration,,trend,283.32293846153846
iteration_duration,,trend,234.2441
http_req_failed,,rate,0
http_req_failed,,rate,0
http_req_failed,,rate,13
http_reqs,,counter,13
http_reqs,,counter,3.529541255748876